ID,FIRSTNAME,OTHERNAMES,SECONDNAME
1259282,STEVEN,[STEVE  BEATTY],BEATTY
5058464,KEVIN,[],FALES
4856481,RICARDO,[RICARDO EMANUEL GOLUBOV],GOLUBOV
2678289,Eric,"[ERIC E HARLEY, ERIC EVAN HARLEY MR, ERIC EVAN HARLEY]",Harley
2577397,ERIC,"[ERIC P HENKELS, ERIC PAUL HENKELS]",HENKELS
2768384,MATTHEW,[MATT  HUNTER],HUNTER
2561495,Craig,[CRAIG JOSEPH KOPROSKI],Koproski
1577399,JAMES,[],LANGLEY
2266921,Theodore,"[THEODORE R MORAN, THEODORE RANDOLPH MORAN III, THEODORE RANDOLPH MORAN, theodore  moran III, theodore  moran]",Moran
1068080,MICHAEL,[MICHAEL D NARDONE],NARDONE
2861599,TODD,"[TOOD GREGORY PAM, Todd g Pam]",PAM
4138590,JAMES,[DOC  SAVAGE],SAVAGE
1335289,MICHAEL,[],SCOTTO
418329,RICHARD,[],SEITZ
1408907,JUDITH,"[JUDITH ANN ARIZINI, JUDY  ARIZINI]",STEVENSON
3196779,MARCANTHONY,[MARC  TEDALDI],TEDALDI
3175826,JASON,[],TEDESCO
4160466,SUGEIN,"[SUGEIN  HERRERA, SUGEIN  VASQUEZ-HERRERA]",VASQUEZ
2656323,Martin,"[MARTIN M VOLIN, MARTIN MILES VOLIN, MARTY  VOLIN]",Volin
4391228,JAMES,[],WINDLE
2510235,MICHAEL,[],YODER
4397589,BRYAN,[],ZAK
